Date,Open,High,Low,Close,Adj Close,Volume,Index_Name
1/2/20,9039.459961,9093.429688,9010.889648,9092.19043,9092.19043,2848370000,NASDAQ
1/3/20,8976.429688,9065.759766,8976.429688,9020.769531,9020.769531,2567400000,NASDAQ
1/6/20,8943.5,9072.410156,8943.5,9071.469727,9071.469727,2788120000,NASDAQ
1/7/20,9076.639648,9091.929688,9042.549805,9068.580078,9068.580078,2352850000,NASDAQ
1/8/20,9068.030273,9168.889648,9059.379883,9129.240234,9129.240234,2464090000,NASDAQ
1/9/20,9202.269531,9215.950195,9158.5,9203.429688,9203.429688,2534700000,NASDAQ
1/10/20,9232.950195,9235.200195,9164.660156,9178.860352,9178.860352,2378990000,NASDAQ
1/13/20,9213.719727,9274.490234,9193.05957,9273.929688,9273.929688,2530270000,NASDAQ
1/14/20,9270.610352,9298.330078,9226.490234,9251.330078,9251.330078,2542170000,NASDAQ
1/15/20,9253.759766,9298.820313,9231.139648,9258.700195,9258.700195,2435650000,NASDAQ
1/16/20,9313.450195,9357.919922,9301.320313,9357.129883,9357.129883,2301400000,NASDAQ
1/17/20,9392.370117,9393.480469,9346.80957,9388.94043,9388.94043,2522670000,NASDAQ
1/21/20,9361.070313,9397.580078,9350.200195,9370.80957,9370.80957,2684540000,NASDAQ
1/22/20,9413.610352,9439.290039,9375.129883,9383.769531,9383.769531,2449390000,NASDAQ
1/23/20,9377.719727,9409.200195,9334.129883,9402.480469,9402.480469,2460050000,NASDAQ
1/24/20,9446.209961,9451.429688,9273.230469,9314.910156,9314.910156,2611710000,NASDAQ
1/27/20,9092.459961,9185.450195,9088.040039,9139.30957,9139.30957,2583330000,NASDAQ
1/28/20,9201.820313,9288.870117,9182.330078,9269.679688,9269.679688,2157830000,NASDAQ
1/29/20,9318.259766,9329.120117,9249.040039,9275.160156,9275.160156,2223480000,NASDAQ
1/30/20,9211.150391,9303,9185.179688,9298.929688,9298.929688,2333500000,NASDAQ
1/31/20,9324.330078,9324.799805,9123.219727,9150.94043,9150.94043,2685840000,NASDAQ
2/3/20,9190.719727,9299.849609,9188.549805,9273.400391,9273.400391,2420510000,NASDAQ
2/4/20,9398.389648,9485.379883,9374.049805,9467.969727,9467.969727,2445420000,NASDAQ
2/5/20,9574.099609,9574.94043,9454.929688,9508.679688,9508.679688,2462470000,NASDAQ
2/6/20,9540.980469,9575.660156,9505.679688,9572.150391,9572.150391,2267300000,NASDAQ
2/7/20,9526.639648,9570.089844,9496.530273,9520.509766,9520.509766,2238670000,NASDAQ
2/10/20,9493.629883,9628.660156,9493.629883,9628.389648,9628.389648,2179310000,NASDAQ
2/11/20,9680.889648,9714.740234,9617.209961,9638.94043,9638.94043,2423670000,NASDAQ
2/12/20,9688.599609,9728.769531,9666.69043,9725.959961,9725.959961,2355000000,NASDAQ
2/13/20,9657.040039,9748.320313,9650.019531,9711.969727,9711.969727,2239270000,NASDAQ
2/14/20,9728.900391,9746.360352,9693.049805,9731.179688,9731.179688,2222240000,NASDAQ
2/18/20,9679.040039,9747.679688,9675.799805,9732.740234,9732.740234,2273460000,NASDAQ
2/19/20,9782.80957,9838.370117,9777.099609,9817.179688,9817.179688,2462530000,NASDAQ
2/20/20,9799.200195,9820.860352,9636.94043,9750.969727,9750.969727,2735610000,NASDAQ
2/21/20,9708.009766,9715.950195,9542.330078,9576.589844,9576.589844,2743010000,NASDAQ
2/24/20,9188.44043,9322.879883,9166.009766,9221.280273,9221.280273,3177000000,NASDAQ
2/25/20,9301.200195,9315.259766,8940.490234,8965.610352,8965.610352,3583400000,NASDAQ
2/26/20,9011.549805,9148.320313,8927.799805,8980.780273,8980.780273,3567830000,NASDAQ
2/27/20,8744.030273,8904.110352,8562.049805,8566.480469,8566.480469,4536080000,NASDAQ
2/28/20,8269.740234,8591.820313,8264.160156,8567.370117,8567.370117,5301170000,NASDAQ
3/2/20,8667.139648,8952.80957,8543.349609,8952.169922,8952.169922,4232760000,NASDAQ
3/3/20,8965.099609,9070.320313,8602.889648,8684.089844,8684.089844,4336700000,NASDAQ
3/4/20,8834.099609,9019.959961,8757.660156,9018.089844,9018.089844,3602870000,NASDAQ
3/5/20,8790.089844,8921.080078,8677.389648,8738.589844,8738.589844,3748090000,NASDAQ
3/6/20,8469.019531,8612.360352,8375.129883,8575.620117,8575.620117,4279850000,NASDAQ
3/9/20,7957.930176,8243.30957,7943.160156,7950.680176,7950.680176,4530350000,NASDAQ
3/10/20,8219.759766,8347.400391,7930.430176,8344.25,8344.25,4431930000,NASDAQ
3/11/20,8136.25,8181.359863,7850.950195,7952.049805,7952.049805,4273890000,NASDAQ
3/12/20,7398.580078,7712.330078,7194.669922,7201.799805,7201.799805,5066530000,NASDAQ
3/13/20,7610.390137,7875.930176,7219.089844,7874.879883,7874.879883,4685890000,NASDAQ
3/16/20,7392.72998,7422.200195,6882.859863,6904.589844,6904.589844,4594360000,NASDAQ
3/17/20,7072,7406.22998,6828.910156,7334.779785,7334.779785,4900000000,NASDAQ
3/18/20,6902.319824,7182.830078,6686.359863,6989.839844,6989.839844,4890820000,NASDAQ
3/19/20,6996.450195,7341.379883,6858.379883,7150.580078,7150.580078,4762170000,NASDAQ
3/20/20,7248.069824,7354.439941,6854.669922,6879.52002,6879.52002,5239940000,NASDAQ
3/23/20,6847.279785,6984.939941,6631.419922,6860.669922,6860.669922,4330610000,NASDAQ
3/24/20,7196.149902,7418.370117,7169.859863,7417.859863,7417.859863,4417380000,NASDAQ
3/25/20,7421.359863,7671.209961,7276.399902,7384.299805,7384.299805,4666440000,NASDAQ
3/26/20,7462.209961,7809.830078,7462.209961,7797.540039,7797.540039,3999850000,NASDAQ
3/27/20,7554.25,7716.240234,7491.140137,7502.379883,7502.379883,3977010000,NASDAQ
3/30/20,7583.459961,7784.350098,7539.970215,7774.149902,7774.149902,3846900000,NASDAQ
3/31/20,7740.060059,7880.310059,7642.859863,7700.100098,7700.100098,4059700000,NASDAQ
4/1/20,7459.5,7566.370117,7301.97998,7360.580078,7360.580078,3685510000,NASDAQ
4/2/20,7317.450195,7501.700195,7307.950195,7487.310059,7487.310059,3608190000,NASDAQ
4/3/20,7477.27002,7518.720215,7288.109863,7373.080078,7373.080078,3279100000,NASDAQ
4/6/20,7660.169922,7938.330078,7617.790039,7913.240234,7913.240234,3849100000,NASDAQ
4/7/20,8129.990234,8146.430176,7881.220215,7887.259766,7887.259766,4069410000,NASDAQ
4/8/20,7975.720215,8114.430176,7901.939941,8090.899902,8090.899902,3470730000,NASDAQ
4/9/20,8169.009766,8227.910156,8072.319824,8153.580078,8153.580078,4123670000,NASDAQ
4/13/20,8127.689941,8200.44043,8035.950195,8192.419922,8192.419922,3146860000,NASDAQ
4/14/20,8353.209961,8531.110352,8338.080078,8515.740234,8515.740234,3732820000,NASDAQ
4/15/20,8355.959961,8464.660156,8308.790039,8393.179688,8393.179688,3333750000,NASDAQ
4/16/20,8479.110352,8560.160156,8393.269531,8532.360352,8532.360352,3995870000,NASDAQ
4/17/20,8667.480469,8670.299805,8531.69043,8650.139648,8650.139648,4335020000,NASDAQ
4/20/20,8553.379883,8684.910156,8553.379883,8560.730469,8560.730469,3796950000,NASDAQ
4/21/20,8460.69043,8480.290039,8215.69043,8263.230469,8263.230469,3756290000,NASDAQ
4/22/20,8434.549805,8537.30957,8404.540039,8495.379883,8495.379883,3025060000,NASDAQ
4/23/20,8528.839844,8635.230469,8475.200195,8494.75,8494.75,3734720000,NASDAQ
4/24/20,8530.080078,8642.929688,8464.419922,8634.519531,8634.519531,3673170000,NASDAQ
4/27/20,8717.980469,8754.570313,8697.370117,8730.160156,8730.160156,3678460000,NASDAQ
4/28/20,8825.69043,8830.570313,8600.700195,8607.730469,8607.730469,3707540000,NASDAQ
4/29/20,8802.700195,8957.269531,8765.009766,8914.709961,8914.709961,4378540000,NASDAQ
4/30/20,8911.019531,8926.110352,8825.830078,8889.549805,8889.549805,4316380000,NASDAQ
5/1/20,8681.290039,8754.459961,8566.839844,8604.950195,8604.950195,3722520000,NASDAQ
5/4/20,8555.320313,8715.820313,8537.830078,8710.709961,8710.709961,3422150000,NASDAQ
5/5/20,8809.660156,8909.959961,8781.30957,8809.120117,8809.120117,3913360000,NASDAQ
5/6/20,8874.700195,8933.25,8819.370117,8854.389648,8854.389648,3620030000,NASDAQ
5/7/20,8973.780273,9015.990234,8932.860352,8979.660156,8979.660156,3762070000,NASDAQ
5/8/20,9056.889648,9125.980469,9018.209961,9121.320313,9121.320313,3777340000,NASDAQ
5/11/20,9054.910156,9241.919922,9053.169922,9192.339844,9192.339844,3898690000,NASDAQ
5/12/20,9225.150391,9250.959961,9000.070313,9002.549805,9002.549805,4315070000,NASDAQ
5/13/20,9006.049805,9074.160156,8752.679688,8863.169922,8863.169922,4244110000,NASDAQ
5/14/20,8788.040039,8945.709961,8705.25,8943.719727,8943.719727,3945080000,NASDAQ
5/15/20,8839.990234,9018.400391,8821.379883,9014.55957,9014.55957,4221500000,NASDAQ
5/18/20,9177.150391,9267.219727,9154.349609,9234.830078,9234.830078,4318310000,NASDAQ
5/19/20,9227.459961,9317.25,9183.25,9185.099609,9185.099609,4144770000,NASDAQ
5/20/20,9305.620117,9392.820313,9304.200195,9375.780273,9375.780273,4292470000,NASDAQ
5/21/20,9375.19043,9405.25,9254.849609,9284.879883,9284.879883,3725950000,NASDAQ
5/22/20,9278.549805,9328.280273,9239.410156,9324.589844,9324.589844,3641830000,NASDAQ
5/26/20,9501.209961,9501.209961,9333.160156,9340.219727,9340.219727,4432310000,NASDAQ
5/27/20,9346.120117,9414.620117,9144.280273,9412.360352,9412.360352,4462450000,NASDAQ
5/28/20,9392.990234,9523.639648,9345.280273,9368.990234,9368.990234,4064220000,NASDAQ
5/29/20,9382.349609,9505.549805,9324.730469,9489.870117,9489.870117,423570000,NASDAQ
6/1/20,9471.419922,9571.280273,9462.320313,9552.049805,9552.049805,3824770000,NASDAQ
6/2/20,9566.530273,9611.219727,9472.080078,9608.379883,9608.379883,3962460000,NASDAQ
6/3/20,9651.860352,9707.780273,9627.169922,9682.910156,9682.910156,4638380000,NASDAQ
6/4/20,9649.650391,9716.139648,9560.410156,9615.80957,9615.80957,6074320000,NASDAQ
6/5/20,9703.540039,9845.69043,9685.349609,9814.080078,9814.080078,6572850000,NASDAQ
6/8/20,9823.44043,9927.129883,9780.610352,9924.75,9924.75,6143120000,NASDAQ
6/9/20,9867.19043,10002.5,9863.269531,9953.75,9953.75,5281860000,NASDAQ
6/10/20,10012.32031,10086.88965,9962.580078,10020.34961,10020.34961,5128400000,NASDAQ
6/11/20,9791.240234,9868.080078,9491.30957,9492.730469,9492.730469,5271000000,NASDAQ
6/12/20,9715.870117,9768.639648,9413.620117,9588.80957,9588.80957,4366190000,NASDAQ
6/15/20,9426.900391,9756.070313,9403,9726.019531,9726.019531,4440650000,NASDAQ
6/16/20,9949.780273,9963.629883,9748.379883,9895.870117,9895.870117,4639860000,NASDAQ
6/17/20,9943.30957,9991.209961,9891.80957,9910.530273,9910.530273,4249680000,NASDAQ
6/18/20,9892.480469,9959.200195,9885.660156,9943.049805,9943.049805,4294740000,NASDAQ
6/19/20,10042.12988,10053.91016,9872.94043,9946.120117,9946.120117,6068130000,NASDAQ
6/22/20,9945.490234,10059.61035,9916.599609,10056.48047,10056.48047,4468000000,NASDAQ
6/23/20,10130.83008,10221.84961,10112.44043,10131.37012,10131.37012,5712450000,NASDAQ
6/24/20,10092.91992,10137.5,9842.219727,9909.169922,9909.169922,5549440000,NASDAQ
6/25/20,9899.360352,10023.28027,9810.469727,10017,10017,4709620000,NASDAQ
6/26/20,9995.120117,10000.66992,9749.070313,9757.219727,9757.219727,7279230000,NASDAQ
6/29/20,9771.719727,9877.339844,9663.610352,9874.150391,9874.150391,4306120000,NASDAQ
6/30/20,9875.290039,10085.58984,9863.669922,10058.76953,10058.76953,4474000000,NASDAQ
7/1/20,10063.66992,10197.19043,10048.04004,10154.62988,10154.62988,4595970000,NASDAQ
7/2/20,10268.66992,10310.36035,10194.05957,10207.62988,10207.62988,4017530000,NASDAQ
7/6/20,10360.37988,10462.04981,10354.98047,10433.65039,10433.65039,4529480000,NASDAQ
7/7/20,10412.45996,10518.98047,10337.98047,10343.88965,10343.88965,4314110000,NASDAQ
7/8/20,10409.34961,10494.62988,10350.95996,10492.5,10492.5,3999180000,NASDAQ
7/9/20,10563.71973,10578.09961,10379.91016,10547.75,10547.75,3992920000,NASDAQ
7/10/20,10545.91016,10622.34961,10447.00977,10617.44043,10617.44043,3509810000,NASDAQ
7/13/20,10729.91992,10824.78027,10368.04004,10390.83984,10390.83984,4822050000,NASDAQ
7/14/20,10310.25,10497.83008,10182.45996,10488.58008,10488.58008,4419480000,NASDAQ
7/15/20,10576.71973,10604.66992,10420.54004,10550.49023,10550.49023,4610540000,NASDAQ
7/16/20,10443.87012,10499.79004,10364.38965,10473.83008,10473.83008,4237290000,NASDAQ
7/17/20,10500.51953,10532.62012,10421.20996,10503.19043,10503.19043,4334280000,NASDAQ
7/20/20,10526.01953,10783.79981,10488.04004,10767.08984,10767.08984,4274340000,NASDAQ
7/21/20,10837.87988,10839.92969,10650.45996,10680.36035,10680.36035,5311750000,NASDAQ
7/22/20,10687.58008,10745.32031,10627.4502,10706.12988,10706.12988,4074020000,NASDAQ
7/23/20,10689.5,10728.12012,10407.87012,10461.41992,10461.41992,4469470000,NASDAQ
7/24/20,10294.41016,10418.75,10217.30957,10363.17969,10363.17969,4205330000,NASDAQ
7/27/20,10421.7002,10546.44043,10399.86035,10536.26953,10536.26953,4209900000,NASDAQ
7/28/20,10509.2002,10523.63965,10397.87012,10402.08984,10402.08984,3869230000,NASDAQ
7/29/20,10474.7002,10567.91016,10464,10542.94043,10542.94043,3970900000,NASDAQ
7/30/20,10450.12012,10609.58984,10412.08984,10587.80957,10587.80957,4135200000,NASDAQ
7/31/20,10741.46973,10747.79981,10557.7002,10745.26953,10745.26953,4418390000,NASDAQ
8/3/20,10848.63965,10927.55957,10831.15039,10902.79981,10902.79981,4173600000,NASDAQ
8/4/20,10897.88965,10941.91016,10852.90039,10941.16992,10941.16992,3973570000,NASDAQ
8/5/20,10967.87012,11002.11035,10943.71973,10998.40039,10998.40039,4119550000,NASDAQ
8/6/20,10989.98047,11121.19043,10963.41016,11108.07031,11108.07031,4086290000,NASDAQ
8/7/20,11072.53027,11126.04004,10920.37012,11010.98047,11010.98047,4230720000,NASDAQ
8/10/20,11033.73047,11040.24023,10849.45996,10968.36035,10968.36035,4018530000,NASDAQ
8/11/20,10942.66016,10989.41992,10762.70996,10782.82031,10782.82031,4303980000,NASDAQ
8/12/20,10878.12012,11036.71973,10877.16016,11012.24023,11012.24023,3716840000,NASDAQ
8/13/20,11026.86035,11124.84961,11007.5,11042.5,11042.5,3444140000,NASDAQ
8/14/20,11042.24023,11058.44043,10972.05957,11019.29981,11019.29981,3491320000,NASDAQ
8/17/20,11083.25,11144.53027,11080.29981,11129.73047,11129.73047,3193160000,NASDAQ
8/18/20,11170.75,11230.62012,11103.83008,11210.83984,11210.83984,3199470000,NASDAQ
8/19/20,11214.79981,11257.41992,11132.09961,11146.45996,11146.45996,3467890000,NASDAQ
8/20/20,11096.40039,11283.62012,11090.03027,11264.9502,11264.9502,4170980000,NASDAQ
8/21/20,11258.44043,11326.20996,11245.44043,11311.79981,11311.79981,3905670000,NASDAQ
8/24/20,11449.25,11462.04981,11297.53027,11379.71973,11379.71973,3885880000,NASDAQ
8/25/20,11370.23047,11468.25977,11343.04004,11466.46973,11466.46973,3454500000,NASDAQ
8/26/20,11516.62012,11672.04981,11507.45996,11665.05957,11665.05957,3441550000,NASDAQ
8/27/20,11688.19043,11730.00977,11551.00977,11625.33984,11625.33984,3535800000,NASDAQ
8/28/20,11689.28027,11708.76953,11634.76953,11695.62988,11695.62988,2997810000,NASDAQ
8/31/20,11718.80957,11829.83984,11697.41992,11775.45996,11775.45996,3596980000,NASDAQ
9/1/20,11850.95996,11945.71973,11794.78027,11939.66992,11939.66992,3480780000,NASDAQ
9/2/20,12047.25977,12074.05957,11836.17969,12056.44043,12056.44043,3966140000,NASDAQ
9/3/20,11861.90039,11894.40039,11361.36035,11458.09961,11458.09961,4437500000,NASDAQ
9/4/20,11396.24023,11531.17969,10875.87012,11313.12988,11313.12988,4269190000,NASDAQ
9/8/20,10900.7002,11131.5,10837.2002,10847.69043,10847.69043,3872230000,NASDAQ
9/9/20,11064.75977,11217.69043,10970.4502,11141.55957,11141.55957,3531780000,NASDAQ
9/10/20,11235.53027,11299.53027,10875.01953,10919.58984,10919.58984,3814100000,NASDAQ
9/11/20,11010.07031,11033.04004,10728.03027,10853.54981,10853.54981,3609190000,NASDAQ
9/14/20,11010.13965,11118.29004,10982.25977,11056.65039,11056.65039,3716820000,NASDAQ
9/15/20,11193.95996,11244.45996,11127.98047,11190.32031,11190.32031,3772820000,NASDAQ
9/16/20,11222.08008,11245.41992,11046.42969,11050.46973,11050.46973,3661710000,NASDAQ
9/17/20,10796.04981,10974.4502,10783.80957,10910.28027,10910.28027,3726750000,NASDAQ
9/18/20,10973.4502,10977.67969,10639.9502,10793.28027,10793.28027,5745690000,NASDAQ
9/21/20,10610.13965,10782.74023,10519.49023,10778.79981,10778.79981,3885200000,NASDAQ
9/22/20,10873.29981,10979.65039,10737.51953,10963.63965,10963.63965,3492020000,NASDAQ
9/23/20,10950.82031,10962.03027,10612.91016,10632.99023,10632.99023,4074600000,NASDAQ
9/24/20,10551.01953,10799.54981,10520.21973,10672.26953,10672.26953,4080730000,NASDAQ
9/25/20,10680.45996,10939.54981,10639.98047,10913.55957,10913.55957,3767230000,NASDAQ
9/28/20,11084.37988,11120.79004,11019.13965,11117.53027,11117.53027,3562900000,NASDAQ
9/29/20,11109,11153.23047,11065.62988,11085.25,11085.25,3363870000,NASDAQ
9/30/20,11092.90039,11277.95996,11092.90039,11167.50977,11167.50977,4228200000,NASDAQ
10/1/20,11291.99023,11344.12988,11240.53027,11326.50977,11326.50977,3978100000,NASDAQ
10/2/20,11082.53027,11244.87012,11033.69043,11075.01953,11075.01953,3715090000,NASDAQ
10/5/20,11169.11035,11335.20996,11162.51953,11332.49023,11332.49023,3597940000,NASDAQ
10/6/20,11314.53027,11392.41016,11124.4502,11154.59961,11154.59961,4360550000,NASDAQ
10/7/20,11271.67969,11380.55957,11258.34961,11364.59961,11364.59961,3891460000,NASDAQ
10/8/20,11443.34961,11448.23047,11384.33008,11420.98047,11420.98047,3486530000,NASDAQ
10/9/20,11487.59961,11581.23047,11476.66016,11579.94043,11579.94043,3475620000,NASDAQ
10/12/20,11732.33008,11965.54004,11704.12988,11876.25977,11876.25977,3862990000,NASDAQ
10/13/20,11901.75977,11946.98047,11821.83008,11863.90039,11863.90039,3607730000,NASDAQ
10/14/20,11889.07031,11939.91992,11714.34961,11768.73047,11768.73047,3393010000,NASDAQ
10/15/20,11559.87988,11740.67969,11559.09961,11713.87012,11713.87012,3304490000,NASDAQ
10/16/20,11761.83008,11827.41992,11648.53027,11671.55957,11671.55957,3156270000,NASDAQ
10/19/20,11732.33984,11778.11035,11454.57031,11478.87988,11478.87988,3455430000,NASDAQ
10/20/20,11531.83008,11632.88965,11471.23047,11516.49023,11516.49023,3483200000,NASDAQ
10/21/20,11530.38965,11613.79004,11476.08008,11484.69043,11484.69043,3445520000,NASDAQ
10/22/20,11526.96973,11548.76953,11369.29004,11506.00977,11506.00977,3414590000,NASDAQ
10/23/20,11536.00977,11548.84961,11434.86035,11548.28027,11548.28027,3134240000,NASDAQ
10/26/20,11440.63965,11545.62988,11221.05957,11358.94043,11358.94043,3186950000,NASDAQ
10/27/20,11409.33984,11465.05957,11361.86035,11431.34961,11431.34961,3079530000,NASDAQ
10/28/20,11230.90039,11249.9502,10999.07031,11004.87012,11004.87012,3912580000,NASDAQ
10/29/20,11064.46973,11287.62988,11030.19043,11185.58984,11185.58984,3222460000,NASDAQ
10/30/20,11103.46973,11129.80957,10822.57031,10911.58984,10911.58984,3662840000,NASDAQ
11/2/20,11010.4502,11071.08008,10830.9502,10957.61035,10957.61035,3196720000,NASDAQ
11/3/20,11038.66016,11213.91992,11004.83984,11160.57031,11160.57031,3190710000,NASDAQ
11/4/20,11443.76953,11663.30957,11394.20996,11590.78027,11590.78027,3606820000,NASDAQ
11/5/20,11816.33008,11924.28027,11784.15039,11890.92969,11890.92969,3823380000,NASDAQ
11/6/20,11869.90039,11920.54004,11737.12988,11895.23047,11895.23047,4156030000,NASDAQ
11/9/20,12046.66016,12108.07031,11703.49023,11713.78027,11713.78027,5823620000,NASDAQ
11/10/20,11622.44043,11665.87012,11424.61035,11553.86035,11553.86035,4712950000,NASDAQ
11/11/20,11656.65039,11793.57031,11638.90039,11786.42969,11786.42969,3823270000,NASDAQ
11/12/20,11802.5,11847.83984,11666.37012,11709.58984,11709.58984,3862690000,NASDAQ
11/13/20,11794.94043,11849.79004,11715.51953,11829.29004,11829.29004,3640680000,NASDAQ
11/16/20,11847.11035,11937.71973,11814.88965,11924.12988,11924.12988,4138920000,NASDAQ
11/17/20,11913.34961,11950.17969,11852.41016,11899.33984,11899.33984,4122770000,NASDAQ
11/18/20,11896.05957,11942.49023,11799.95996,11801.59961,11801.59961,4699160000,NASDAQ
11/19/20,11779.04004,11912.62988,11760.98047,11904.70996,11904.70996,5322580000,NASDAQ
11/20/20,11892.7002,11935.46973,11852.50977,11854.96973,11854.96973,5319340000,NASDAQ
11/23/20,11916.75977,11949.33008,11796.53027,11880.62988,11880.62988,5360830000,NASDAQ
11/24/20,11939.33008,12049.87988,11863.4502,12036.79004,12036.79004,6277790000,NASDAQ
11/25/20,12053.88965,12114.76953,12020.9502,12094.40039,12094.40039,4425030000,NASDAQ
11/27/20,12159.17969,12236.23047,12154.57031,12205.84961,12205.84961,3401890000,NASDAQ
11/30/20,12224.25,12244.65039,12027.16016,12198.74023,12198.74023,7693430000,NASDAQ
12/1/20,12313.36035,12405.79004,12263.92969,12355.11035,12355.11035,6467180000,NASDAQ
12/2/20,12285.75,12360.05957,12217.34961,12349.37012,12349.37012,5150820000,NASDAQ
12/3/20,12369.25977,12439.01953,12356.99023,12377.17969,12377.17969,5182100000,NASDAQ
12/4/20,12399.32031,12464.23047,12376.44043,12464.23047,12464.23047,5044210000,NASDAQ
12/7/20,12461,12536.23047,12460.54981,12519.9502,12519.9502,4741690000,NASDAQ
12/8/20,12503.16992,12594.54004,12453.20996,12582.76953,12582.76953,4758170000,NASDAQ
12/9/20,12591.69043,12607.13965,12290.78027,12338.9502,12338.9502,5131720000,NASDAQ
12/10/20,12247.54981,12431.55957,12214.74023,12405.80957,12405.80957,4470060000,NASDAQ
12/11/20,12336.79004,12383.5,12246.76953,12377.87012,12377.87012,4268140000,NASDAQ
12/14/20,12447.44043,12543,12432.70996,12440.04004,12440.04004,4458140000,NASDAQ
12/15/20,12543.25977,12596.12988,12465.41992,12595.05957,12595.05957,4377950000,NASDAQ
12/16/20,12611.04004,12687.32031,12566.37988,12658.19043,12658.19043,4561600000,NASDAQ
12/17/20,12730.78027,12765.25,12696.34961,12764.75,12764.75,4994090000,NASDAQ
12/18/20,12804.92969,12809.59961,12654.59961,12755.63965,12755.63965,7088670000,NASDAQ
12/21/20,12596.13965,12751.26953,12525.21973,12742.51953,12742.51953,5156470000,NASDAQ
12/22/20,12785.21973,12840.57031,12695.30957,12807.91992,12807.91992,5700760000,NASDAQ
12/23/20,12834.94043,12841.91992,12758.66992,12771.11035,12771.11035,7028650000,NASDAQ
12/24/20,12791.54004,12833.54981,12767.63965,12804.73047,12804.73047,3305950000,NASDAQ
12/28/20,12914.63965,12930.88965,12827.4502,12899.41992,12899.41992,5076340000,NASDAQ
12/29/20,12965.38965,12973.33008,12821.95996,12850.21973,12850.21973,4680780000,NASDAQ
12/30/20,12906.50977,12924.92969,12857.75977,12870,12870,5292210000,NASDAQ
12/31/20,12877.08984,12902.07031,12821.23047,12888.28027,12888.28027,4771390000,NASDAQ
1/2/20,28638.9707,28872.80078,28627.76953,28868.80078,28868.80078,2518200,Dow30
1/3/20,28553.33008,28716.31055,28500.35938,28634.88086,28634.88086,2395900,Dow30
1/6/20,28465.5,28708.01953,28418.63086,28703.38086,28703.38086,2527600,Dow30
1/7/20,28639.17969,28685.5,28565.2793,28583.67969,28583.67969,2589000,Dow30
1/8/20,28556.14063,28866.17969,28522.50977,28745.08984,28745.08984,2917500,Dow30
1/9/20,28851.9707,28988.00977,28844.31055,28956.90039,28956.90039,2750600,Dow30
1/10/20,28977.51953,29009.07031,28789.09961,28823.76953,28823.76953,2378300,Dow30
1/13/20,28869.00977,28909.91016,28819.42969,28907.05078,28907.05078,2498300,Dow30
1/14/20,28895.5,29054.16016,28872.26953,28939.66992,28939.66992,2874400,Dow30
1/15/20,28901.80078,29127.58984,28897.34961,29030.2207,29030.2207,2602700,Dow30
1/16/20,29131.94922,29300.32031,29131.94922,29297.64063,29297.64063,2521100,Dow30
1/17/20,29313.31055,29373.61914,29289.91016,29348.09961,29348.09961,3218200,Dow30
1/21/20,29269.05078,29341.21094,29146.4707,29196.03906,29196.03906,3206400,Dow30
1/22/20,29263.63086,29320.19922,29172.25977,29186.26953,29186.26953,2834400,Dow30
1/23/20,29111.01953,29190.4707,28966.98047,29160.08984,29160.08984,3070600,Dow30
1/24/20,29230.39063,29288.78906,28843.31055,28989.73047,28989.73047,3800100,Dow30
1/27/20,28542.49023,28671.78906,28440.4707,28535.80078,28535.80078,3372700,Dow30
1/28/20,28594.2793,28823.23047,28575.75,28722.84961,28722.84961,3301400,Dow30
1/29/20,28820.5293,28944.24023,28728.18945,28734.44922,28734.44922,3022900,Dow30
1/30/20,28640.16016,28879.71094,28489.75977,28859.43945,28859.43945,3268500,Dow30
1/31/20,28813.03906,28813.03906,28169.5293,28256.0293,28256.0293,4038900,Dow30
2/3/20,28319.65039,28630.39063,28319.65039,28399.81055,28399.81055,3079100,Dow30
2/4/20,28696.74023,28904.88086,28696.74023,28807.63086,28807.63086,3327500,Dow30
2/5/20,29048.73047,29308.89063,29000.84961,29290.84961,29290.84961,3575400,Dow30
2/6/20,29388.58008,29408.05078,29246.92969,29379.76953,29379.76953,2637000,Dow30
2/7/20,29286.91992,29286.91992,29056.98047,29102.50977,29102.50977,2528600,Dow30
2/10/20,28995.66016,29278.07031,28995.66016,29276.82031,29276.82031,2505100,Dow30
2/11/20,29390.71094,29415.39063,29210.4707,29276.33984,29276.33984,2795400,Dow30
2/12/20,29406.75,29568.57031,29406.75,29551.41992,29551.41992,3095300,Dow30
2/13/20,29436.0293,29535.40039,29345.92969,29423.31055,29423.31055,2911500,Dow30
2/14/20,29440.4707,29463.03906,29283.17969,29398.08008,29398.08008,2310000,Dow30
2/18/20,29282.7793,29330.16016,29116.81055,29232.18945,29232.18945,2566000,Dow30
2/19/20,29312.69922,29409.08984,29274.38086,29348.0293,29348.0293,2406400,Dow30
2/20/20,29296.25,29368.44922,28959.65039,29219.98047,29219.98047,2877800,Dow30
2/21/20,29146.5293,29146.5293,28892.69922,28992.41016,28992.41016,3112100,Dow30
2/24/20,28402.92969,28402.92969,27912.43945,27960.80078,27960.80078,4525800,Dow30
2/25/20,28037.65039,28149.19922,26997.61914,27081.35938,27081.35938,5132700,Dow30
2/26/20,27159.46094,27542.7793,26890.9707,26957.58984,26957.58984,4724500,Dow30
2/27/20,26526,26775.31055,25752.82031,25766.64063,25766.64063,6649800,Dow30
2/28/20,25270.83008,25494.24023,24681.00977,25409.35938,25409.35938,9159900,Dow30
3/2/20,25590.50977,26706.16992,25391.96094,26703.32031,26703.32031,6372000,Dow30
3/3/20,26762.4707,27084.58984,25706.2793,25917.41016,25917.41016,6470800,Dow30
3/4/20,26383.67969,27102.33984,26286.31055,27090.85938,27090.85938,4575900,Dow30
3/5/20,26671.91992,26671.91992,25943.33008,26121.2793,26121.2793,4773700,Dow30
3/6/20,25457.21094,25994.38086,25226.61914,25864.7793,25864.7793,5997800,Dow30
3/9/20,24992.35938,24992.35938,23706.07031,23851.01953,23851.01953,7504300,Dow30
3/10/20,24453,25020.99023,23690.33984,25018.16016,25018.16016,6548600,Dow30
3/11/20,24604.63086,24604.63086,23328.32031,23553.2207,23553.2207,6639600,Dow30
3/12/20,22184.71094,22837.94922,21154.46094,21200.61914,21200.61914,9082600,Dow30
3/13/20,21973.82031,23189.75977,21285.36914,23185.61914,23185.61914,8430800,Dow30
3/16/20,20917.5293,21768.2793,20116.46094,20188.51953,20188.51953,7701300,Dow30
3/17/20,20487.05078,21379.34961,19882.25977,21237.38086,21237.38086,7930600,Dow30
3/18/20,20188.68945,20489.33008,18917.46094,19898.91992,19898.91992,8713600,Dow30
3/19/20,19830.00977,20442.63086,19177.13086,20087.18945,20087.18945,7803000,Dow30
3/20/20,20253.15039,20531.25977,19094.26953,19173.98047,19173.98047,8722900,Dow30
3/23/20,19028.35938,19121.00977,18213.65039,18591.92969,18591.92969,7879700,Dow30
3/24/20,19722.18945,20737.69922,19649.25,20704.91016,20704.91016,7993400,Dow30
3/25/20,21050.33984,22019.92969,20538.33984,21200.55078,21200.55078,7963200,Dow30
3/26/20,21468.38086,22595.06055,21427.09961,22552.16992,22552.16992,7051800,Dow30
3/27/20,21898.4707,22327.57031,21469.26953,21636.7793,21636.7793,5888300,Dow30
3/30/20,21678.2207,22378.08984,21522.08008,22327.48047,22327.48047,5455400,Dow30
3/31/20,22208.41992,22480.36914,21852.08008,21917.16016,21917.16016,5712100,Dow30
4/1/20,21227.38086,21487.24023,20784.42969,20943.50977,20943.50977,5066800,Dow30
4/2/20,20819.46094,21477.76953,20735.01953,21413.43945,21413.43945,5295400,Dow30
4/3/20,21285.92969,21447.81055,20863.08984,21052.5293,21052.5293,4500100,Dow30
4/6/20,21693.63086,22783.44922,21693.63086,22679.99023,22679.99023,6107600,Dow30
4/7/20,23537.43945,23617.24023,22634.44922,22653.85938,22653.85938,5946600,Dow30
4/8/20,22893.4707,23513.40039,22682.99023,23433.57031,23433.57031,4727400,Dow30
4/9/20,23690.66016,24008.99023,23504.08984,23719.36914,23719.36914,5664000,Dow30
4/13/20,23698.92969,23698.92969,23095.34961,23390.76953,23390.76953,3943200,Dow30
4/14/20,23690.57031,24040.58008,23683.43945,23949.75977,23949.75977,4859100,Dow30
4/15/20,23600.7207,23649.7207,23233.32031,23504.34961,23504.34961,4376300,Dow30
4/16/20,23543.66016,23598.08008,23211.38086,23537.67969,23537.67969,4710500,Dow30
4/17/20,23817.15039,24264.21094,23817.15039,24242.49023,24242.49023,5259500,Dow30
4/20/20,24095.09961,24108.68945,23627.18945,23650.43945,23650.43945,4234100,Dow30
4/21/20,23365.25,23365.25,22941.88086,23018.88086,23018.88086,4851400,Dow30
4/22/20,23437.33984,23613.09961,23339.59961,23475.82031,23475.82031,3528800,Dow30
4/23/20,23543.08984,23885.35938,23483.34961,23515.25977,23515.25977,3892900,Dow30
4/24/20,23628.24023,23826,23417.67969,23775.26953,23775.26953,3760200,Dow30
4/27/20,23866.15039,24207.65039,23840.60938,24133.7793,24133.7793,3893900,Dow30
4/28/20,24357.16992,24512.24023,24031.19922,24101.55078,24101.55078,4002500,Dow30
4/29/20,24490.36914,24764.76953,24453.99023,24633.85938,24633.85938,4552900,Dow30
4/30/20,24585.57031,24585.57031,24186.90039,24345.7207,24345.7207,4878400,Dow30
5/1/20,24120.7793,24120.7793,23645.30078,23723.68945,23723.68945,4181600,Dow30
5/4/20,23581.55078,23769.56055,23361.16016,23749.75977,23749.75977,3553600,Dow30
5/5/20,23958.88086,24169.7207,23868.91016,23883.08984,23883.08984,3697100,Dow30
5/6/20,23978.88086,24054.58984,23661.14063,23664.64063,23664.64063,3774500,Dow30
5/7/20,23837.21094,24094.61914,23834.39063,23875.89063,23875.89063,3698900,Dow30
5/8/20,24107.82031,24349.90039,24107.05078,24331.32031,24331.32031,3357600,Dow30
5/11/20,24256.44922,24366.21094,24070.2207,24221.99023,24221.99023,3524000,Dow30
5/12/20,24292.83984,24382.08984,23761.58008,23764.7793,23764.7793,3594800,Dow30
5/13/20,23702.16016,23708.90039,23067.64063,23247.9707,23247.9707,4699500,Dow30
5/14/20,23049.06055,23630.85938,22789.61914,23625.33984,23625.33984,4727000,Dow30
5/15/20,23454.83008,23730.08008,23354.15039,23685.41992,23685.41992,4915100,Dow30
5/18/20,24059.98047,24708.53906,24059.98047,24597.36914,24597.36914,4841900,Dow30
5/19/20,24577.48047,24599.5,24202.96094,24206.85938,24206.85938,3741000,Dow30
5/20/20,24455.93945,24649.48047,24455.93945,24575.90039,24575.90039,3665100,Dow30
5/21/20,24564.26953,24718.46094,24370.88086,24474.11914,24474.11914,3467700,Dow30
5/22/20,24461.98047,24481.64063,24294.07031,24465.16016,24465.16016,2556600,Dow30
5/26/20,24781.83984,25176.41992,24781.83984,24995.10938,24995.10938,4243800,Dow30
5/27/20,25298.63086,25551.56055,25009.86914,25548.26953,25548.26953,4112300,Dow30
5/28/20,25697.35938,25758.78906,25358.73047,25400.64063,25400.64063,3778000,Dow30
5/29/20,25324.15039,25482.80078,25031.66992,25383.10938,25383.10938,5276200,Dow30
6/1/20,25342.99023,25508.83008,25220.66016,25475.01953,25475.01953,3383100,Dow30
6/2/20,25582.51953,25743.13086,25523.74023,25742.65039,25742.65039,3526100,Dow30
6/3/20,25906.88086,26337.75,25906.88086,26269.89063,26269.89063,3987900,Dow30
6/4/20,26226.49023,26384.09961,26082.31055,26281.82031,26281.82031,3721900,Dow30
6/5/20,26836.80078,27338.30078,26836.80078,27110.98047,27110.98047,5423100,Dow30
6/8/20,27232.92969,27580.21094,27232.48047,27572.43945,27572.43945,4302000,Dow30
6/9/20,27447.36914,27447.36914,27151.06055,27272.30078,27272.30078,3814300,Dow30
6/10/20,27251.89063,27355.2207,26938.05078,26989.99023,26989.99023,4489300,Dow30
6/11/20,26282.50977,26294.08008,25082.7207,25128.16992,25128.16992,6477800,Dow30
6/12/20,25659.41992,25965.55078,25078.41016,25605.53906,25605.53906,5144400,Dow30
6/15/20,25270.39063,25891.58008,24843.17969,25763.16016,25763.16016,4612300,Dow30
6/16/20,26326.67969,26611.0293,25811.69922,26289.98047,26289.98047,4895000,Dow30
6/17/20,26330.51953,26400.07031,26068.41016,26119.60938,26119.60938,3288300,Dow30
6/18/20,26016.44922,26154.19922,25848.5293,26080.09961,26080.09961,3283900,Dow30
6/19/20,26213.09961,26451.43945,25759.66016,25871.46094,25871.46094,6693900,Dow30
6/22/20,25865.08008,26059.81055,25667.67969,26024.96094,26024.96094,3517800,Dow30
6/23/20,26159.39063,26314.9707,26105.9707,26156.09961,26156.09961,3899800,Dow30
6/24/20,25992.96094,25992.96094,25296.73047,25445.93945,25445.93945,4501200,Dow30
6/25/20,25365.2207,25769.60938,25209.78906,25745.59961,25745.59961,3845600,Dow30
6/26/20,25641.68945,25641.68945,24971.0293,25015.55078,25015.55078,6408600,Dow30
6/29/20,25152.44922,25601.15039,25096.16016,25595.80078,25595.80078,3780700,Dow30
6/30/20,25512.42969,25905.38086,25475.14063,25812.88086,25812.88086,4107800,Dow30
7/1/20,25879.38086,26019.31055,25713.60938,25734.9707,25734.9707,3731800,Dow30
7/2/20,25936.44922,26204.41016,25778.11914,25827.35938,25827.35938,3491300,Dow30
7/6/20,25996.08008,26297.5293,25996.08008,26287.0293,26287.0293,3406900,Dow30
7/7/20,26172.00977,26174.92969,25866.58008,25890.17969,25890.17969,3468200,Dow30
7/8/20,25950.06055,26109.49023,25816.25,26067.2793,26067.2793,3373000,Dow30
7/9/20,26094.91992,26103.2793,25523.50977,25706.08984,25706.08984,3876100,Dow30
7/10/20,25690.34961,26101.32031,25637.5,26075.30078,26075.30078,3381700,Dow30
7/13/20,26225.07031,26639.08984,26044.23047,26085.80078,26085.80078,4253200,Dow30
7/14/20,26044.16992,26690.51953,25994.98047,26642.58984,26642.58984,4016400,Dow30
7/15/20,27009.81055,27071.33008,26692.48047,26870.09961,26870.09961,3849000,Dow30
7/16/20,26746.57031,26879.16016,26590.00977,26734.71094,26734.71094,2873300,Dow30
7/17/20,26774.61914,26808.42969,26619.88086,26671.94922,26671.94922,2964600,Dow30
7/20/20,26660.28906,26765.01953,26504.19922,26680.86914,26680.86914,3093900,Dow30
7/21/20,26833.14063,27025.38086,26766.2207,26840.40039,26840.40039,3649300,Dow30
7/22/20,26824.56055,27035.24023,26794.18945,27005.83984,27005.83984,4043400,Dow30
7/23/20,26955.9707,26973.84961,26560.03906,26652.33008,26652.33008,4198000,Dow30
7/24/20,26533.41016,26625.69922,26402.85938,26469.89063,26469.89063,4941700,Dow30
7/27/20,26447.66992,26625.46094,26426.91992,26584.76953,26584.76953,4009300,Dow30
7/28/20,26529.44922,26556.83984,26361.71094,26379.2793,26379.2793,3610900,Dow30
7/29/20,26388.43945,26602.44922,26375.39063,26539.57031,26539.57031,3475800,Dow30
7/30/20,26367.41992,26374.92969,25992.2793,26313.65039,26313.65039,3515400,Dow30
7/31/20,26409.33008,26440.01953,26013.58984,26428.32031,26428.32031,4880500,Dow30
8/3/20,26542.32031,26707.25977,26534.38086,26664.40039,26664.40039,4393800,Dow30
8/4/20,26664.60938,26832.7207,26597.82031,26828.4707,26828.4707,3463500,Dow30
8/5/20,26924.7793,27221.66992,26924.7793,27201.51953,27201.51953,3660000,Dow30
8/6/20,27170.82031,27394.09961,27145.25,27386.98047,27386.98047,3224600,Dow30
8/7/20,27321.67969,27456.24023,27223.55078,27433.48047,27433.48047,3211700,Dow30
8/10/20,27488.21094,27803.85938,27488.21094,27791.43945,27791.43945,3603400,Dow30
8/11/20,27961.64063,28154.88086,27624.50977,27686.91016,27686.91016,4282200,Dow30
8/12/20,27860.24023,28043.89063,27843.32031,27976.83984,27976.83984,3402100,Dow30
8/13/20,27922.50977,27986.09961,27789.7793,27896.7207,27896.7207,3601600,Dow30
8/14/20,27828.92969,27977.81055,27759.39063,27931.01953,27931.01953,2755400,Dow30
8/17/20,27970.05078,27999.81055,27816.40039,27844.91016,27844.91016,2868600,Dow30
8/18/20,27853.48047,27891.11914,27668.78906,27778.07031,27778.07031,2761700,Dow30
8/19/20,27811.25977,27920.41992,27647.66992,27692.88086,27692.88086,3114600,Dow30
8/20/20,27622.67969,27781.46094,27526.25,27739.73047,27739.73047,3045500,Dow30
8/21/20,27758.13086,27959.48047,27686.7793,27930.33008,27930.33008,3727200,Dow30
8/24/20,28077.58008,28314.93945,28041.75,28308.46094,28308.46094,3838800,Dow30
8/25/20,28347.41992,28400.74023,28094.57031,28248.43945,28248.43945,3384200,Dow30
8/26/20,28257.88086,28353.80078,28153.91016,28331.91992,28331.91992,3270700,Dow30
8/27/20,28384.07031,28634.2207,28363.92969,28492.26953,28492.26953,4043400,Dow30
8/28/20,28601.28906,28733.34961,28487.98047,28653.86914,28653.86914,3697400,Dow30
8/31/20,28643.66016,28643.66016,28363.55078,28430.05078,28430.05078,5173200,Dow30
9/1/20,28439.60938,28659.25977,28290.7207,28645.66016,28645.66016,4234100,Dow30
9/2/20,28736.78906,29162.88086,28713.5293,29100.5,29100.5,5395100,Dow30
9/3/20,29090.69922,29199.34961,28074.75977,28292.73047,28292.73047,6500800,Dow30
9/4/20,28341.05078,28539.75,27664.67969,28133.31055,28133.31055,6946400,Dow30
9/8/20,27925.23047,27925.23047,27464.90039,27500.89063,27500.89063,5808600,Dow30
9/9/20,27711.71094,28206.21094,27704.53906,27940.4707,27940.4707,4605900,Dow30
9/10/20,28022.50977,28174.7793,27447.08008,27534.58008,27534.58008,4428500,Dow30
9/11/20,27613.85938,27828.82031,27448.15039,27665.64063,27665.64063,4353300,Dow30
9/14/20,27718.74023,28086.06055,27718.74023,27993.33008,27993.33008,3807500,Dow30
9/15/20,28139.75977,28231.06055,27931.44922,27995.59961,27995.59961,4145200,Dow30
9/16/20,28031.68945,28364.76953,28021.66992,28032.38086,28032.38086,4166500,Dow30
9/17/20,27834.17969,28056.78906,27647.92969,27901.98047,27901.98047,4372300,Dow30
9/18/20,27864.86914,27946.68945,27487.9707,27657.41992,27657.41992,6987100,Dow30
9/21/20,27484.71094,27484.71094,26715.15039,27147.69922,27147.69922,5236600,Dow30
9/22/20,27170.33984,27333.08984,26989.92969,27288.17969,27288.17969,4207200,Dow30
9/23/20,27413.59961,27464.46094,26716.11914,26763.13086,26763.13086,4594700,Dow30
9/24/20,26716.08984,27094.84961,26537.00977,26815.43945,26815.43945,4478100,Dow30
9/25/20,26694.50977,27239.28906,26635.38086,27173.96094,27173.96094,3889000,Dow30
9/28/20,27362.14063,27722.59961,27362.14063,27584.06055,27584.06055,4018600,Dow30
9/29/20,27560.24023,27605.59961,27338.08984,27452.66016,27452.66016,3038200,Dow30
9/30/20,27514.64063,28026.33008,27511.06055,27781.69922,27781.69922,4525500,Dow30
10/1/20,27940.63086,28041.46094,27669.25977,27816.90039,27816.90039,3734500,Dow30
10/2/20,27536.39063,27861.42969,27382.93945,27682.81055,27682.81055,3927700,Dow30
10/5/20,27825.41992,28162.64063,27825.41992,28148.64063,28148.64063,3182100,Dow30
10/6/20,28214.24023,28354.48047,27728.0293,27772.75977,27772.75977,4350300,Dow30
10/7/20,27971.35938,28369.66016,27971.35938,28303.46094,28303.46094,3287500,Dow30
10/8/20,28348.85938,28459.13086,28265.56055,28425.50977,28425.50977,3147500,Dow30
10/9/20,28533.60938,28676.28906,28440.63086,28586.90039,28586.90039,3240500,Dow30
10/12/20,28671.11914,28957.90039,28659.66992,28837.51953,28837.51953,4936800,Dow30
10/13/20,28764.94922,28808.83984,28604.34961,28679.81055,28679.81055,5261100,Dow30
10/14/20,28731.30078,28792.56055,28461.73047,28514,28514,3708000,Dow30
10/15/20,28323.40039,28535.84961,28181.53906,28494.19922,28494.19922,3289400,Dow30
10/16/20,28570.7207,28842.90039,28570.7207,28606.31055,28606.31055,3561400,Dow30
10/19/20,28633.55078,28711.92969,28139.40039,28195.41992,28195.41992,3587000,Dow30
10/20/20,28245.84961,28575.0293,28243.03906,28308.78906,28308.78906,3502200,Dow30
10/21/20,28270.66016,28450.64063,28196.39063,28210.82031,28210.82031,2994200,Dow30
10/22/20,28197.41992,28421.31055,28040.17969,28363.66016,28363.66016,3303200,Dow30
10/23/20,28409.65039,28436.51953,28149.82031,28335.57031,28335.57031,3473000,Dow30
10/26/20,28185.82031,28185.82031,27370.16016,27685.38086,27685.38086,4041500,Dow30
10/27/20,27651.17969,27707.68945,27457.96094,27463.18945,27463.18945,3664000,Dow30
10/28/20,27102.14063,27102.14063,26497.39063,26519.94922,26519.94922,4961500,Dow30
10/29/20,26480.98047,26891.89063,26290.7793,26659.10938,26659.10938,4197700,Dow30
10/30/20,26572.26953,26639.17969,26143.76953,26501.59961,26501.59961,5048200,Dow30
11/2/20,26691.2793,27043.48047,26691.2793,26925.05078,26925.05078,3799900,Dow30
11/3/20,27138.68945,27640.21094,27138.68945,27480.0293,27480.0293,3509800,Dow30
11/4/20,27512.83008,28301.5,27512.83008,27847.66016,27847.66016,4478600,Dow30
11/5/20,28083.36914,28495.05078,28083.36914,28390.17969,28390.17969,3901400,Dow30
11/6/20,28399.13086,28431.96094,28189.5,28323.40039,28323.40039,3267100,Dow30
11/9/20,29467.90039,29933.83008,29130.66016,29157.9707,29157.9707,6733100,Dow30
11/10/20,29254.16992,29478.85938,29126.99023,29420.91992,29420.91992,5269800,Dow30
11/11/20,29524.34961,29593.10938,29281.2207,29397.63086,29397.63086,3767000,Dow30
11/12/20,29231.91016,29311.83008,28902.13086,29080.16992,29080.16992,3693200,Dow30
11/13/20,29203.90039,29559.25,29203.90039,29479.81055,29479.81055,3488100,Dow30
11/16/20,29672.35938,29964.28906,29672.35938,29950.43945,29950.43945,4182900,Dow30
11/17/20,29800.15039,29872.41992,29520.28906,29783.34961,29783.34961,3723800,Dow30
11/18/20,29875.40039,29930.84961,29432.83984,29438.41992,29438.41992,3828500,Dow30
11/19/20,29370.91992,29524.90039,29228.38086,29483.23047,29483.23047,3313300,Dow30
11/20/20,29437.57031,29469.89063,29231.19922,29263.48047,29263.48047,3053500,Dow30
11/23/20,29332.82031,29667.75,29332.82031,29591.26953,29591.26953,3872000,Dow30
11/24/20,29746.10938,30116.50977,29746.10938,30046.24023,30046.24023,4327600,Dow30
11/25/20,30058.86914,30058.86914,29806.25,29872.4707,29872.4707,3230300,Dow30
11/27/20,29911.33008,30015.13086,29819.98047,29910.36914,29910.36914,1770400,Dow30
11/30/20,29854.50977,29854.50977,29463.64063,29638.64063,29638.64063,5513500,Dow30
12/1/20,29797.5,30083.31055,29797.5,29823.91992,29823.91992,4295100,Dow30
12/2/20,29695.08984,29902.50977,29599.28906,29883.78906,29883.78906,3852800,Dow30
12/3/20,29920.83008,30110.88086,29877.26953,29969.51953,29969.51953,4056800,Dow30
12/4/20,29989.56055,30218.25977,29989.56055,30218.25977,30218.25977,3565900,Dow30
12/7/20,30233.0293,30233.0293,29967.2207,30069.78906,30069.78906,3658100,Dow30
12/8/20,29997.94922,30246.2207,29972.07031,30173.88086,30173.88086,3111900,Dow30
12/9/20,30229.81055,30319.69922,29951.84961,30068.81055,30068.81055,3805200,Dow30
12/10/20,30032.55078,30063.86914,29876.82031,29999.25977,29999.25977,3255500,Dow30
12/11/20,29988.21094,30071.13086,29820.83984,30046.36914,30046.36914,3938700,Dow30
12/14/20,30123.91016,30325.78906,29849.15039,29861.55078,29861.55078,3719800,Dow30
12/15/20,29919.08984,30243.25977,29894.94922,30199.31055,30199.31055,4177700,Dow30
12/16/20,30191.38086,30236.0293,30080.10938,30154.53906,30154.53906,3445900,Dow30
12/17/20,30216,30323.7793,30216,30303.36914,30303.36914,3455300,Dow30
12/18/20,30314.25977,30343.58984,30029.43945,30179.05078,30179.05078,7820700,Dow30
12/21/20,30159,30304.14063,29755.5293,30216.44922,30216.44922,4374800,Dow30
12/22/20,30200.19922,30200.19922,29992.89063,30015.50977,30015.50977,3888100,Dow30
12/23/20,30046.73047,30292.5293,30046.73047,30129.83008,30129.83008,2740500,Dow30
12/24/20,30155.91992,30209.66992,30099.30078,30199.86914,30199.86914,1455700,Dow30
12/28/20,30283.23047,30525.56055,30283.23047,30403.9707,30403.9707,3024900,Dow30
12/29/20,30492.07031,30588.78906,30274.24023,30335.66992,30335.66992,3576100,Dow30
12/30/20,30415.08984,30525.34961,30393.03906,30409.56055,30409.56055,2918900,Dow30
12/31/20,30417.64063,30637.4707,30344.5,30606.48047,30606.48047,2844700,Dow30
1/2/20,3244.669922,3258.139893,3235.530029,3257.850098,3257.850098,3458250000,S&P500
1/3/20,3226.360107,3246.149902,3222.340088,3234.850098,3234.850098,3461290000,S&P500
1/6/20,3217.550049,3246.840088,3214.639893,3246.280029,3246.280029,3674070000,S&P500
1/7/20,3241.860107,3244.909912,3232.429932,3237.179932,3237.179932,3420380000,S&P500
1/8/20,3238.590088,3267.070068,3236.669922,3253.050049,3253.050049,3720890000,S&P500
1/9/20,3266.030029,3275.580078,3263.669922,3274.699951,3274.699951,3638390000,S&P500
1/10/20,3281.810059,3282.98999,3260.860107,3265.350098,3265.350098,3212970000,S&P500
1/13/20,3271.129883,3288.129883,3268.429932,3288.129883,3288.129883,3456380000,S&P500
1/14/20,3285.350098,3294.25,3277.189941,3283.149902,3283.149902,3665130000,S&P500
1/15/20,3282.27002,3298.659912,3280.689941,3289.290039,3289.290039,3716840000,S&P500
1/16/20,3302.969971,3317.110107,3302.820068,3316.810059,3316.810059,3535080000,S&P500
1/17/20,3323.659912,3329.879883,3318.860107,3329.620117,3329.620117,3698170000,S&P500
1/21/20,3321.030029,3329.790039,3316.610107,3320.790039,3320.790039,4105340000,S&P500
1/22/20,3330.02002,3337.77002,3320.040039,3321.75,3321.75,3619850000,S&P500
1/23/20,3315.77002,3326.879883,3301.870117,3325.540039,3325.540039,3764860000,S&P500
1/24/20,3333.100098,3333.179932,3281.530029,3295.469971,3295.469971,3707130000,S&P500
1/27/20,3247.159912,3258.850098,3234.5,3243.629883,3243.629883,3823100000,S&P500
1/28/20,3255.350098,3285.780029,3253.219971,3276.23999,3276.23999,3526720000,S&P500
1/29/20,3289.459961,3293.469971,3271.889893,3273.399902,3273.399902,3584500000,S&P500
1/30/20,3256.449951,3285.909912,3242.800049,3283.659912,3283.659912,3787250000,S&P500
1/31/20,3282.330078,3282.330078,3214.679932,3225.52002,3225.52002,4527830000,S&P500
2/3/20,3235.659912,3268.439941,3235.659912,3248.919922,3248.919922,3757910000,S&P500
2/4/20,3280.610107,3306.919922,3280.610107,3297.590088,3297.590088,3995320000,S&P500
2/5/20,3324.909912,3337.580078,3313.75,3334.689941,3334.689941,4117730000,S&P500
2/6/20,3344.919922,3347.959961,3334.389893,3345.780029,3345.780029,3868370000,S&P500
2/7/20,3335.540039,3341.419922,3322.120117,3327.709961,3327.709961,3730650000,S&P500
2/10/20,3318.280029,3352.26001,3317.77002,3352.090088,3352.090088,3450350000,S&P500
2/11/20,3365.870117,3375.629883,3352.719971,3357.75,3357.75,3760550000,S&P500
2/12/20,3370.5,3381.469971,3369.719971,3379.449951,3379.449951,3926380000,S&P500
2/13/20,3365.899902,3385.090088,3360.52002,3373.939941,3373.939941,3498240000,S&P500
2/14/20,3378.080078,3380.689941,3366.149902,3380.159912,3380.159912,3398040000,S&P500
2/18/20,3369.040039,3375.01001,3355.610107,3370.290039,3370.290039,3746720000,S&P500
2/19/20,3380.389893,3393.52002,3378.830078,3386.149902,3386.149902,3600150000,S&P500
2/20/20,3380.449951,3389.149902,3341.02002,3373.22998,3373.22998,4007320000,S&P500
2/21/20,3360.5,3360.76001,3328.449951,3337.75,3337.75,3899270000,S&P500
2/24/20,3257.610107,3259.810059,3214.649902,3225.889893,3225.889893,4842960000,S&P500
2/25/20,3238.939941,3246.98999,3118.77002,3128.209961,3128.209961,5591510000,S&P500
2/26/20,3139.899902,3182.51001,3108.98999,3116.389893,3116.389893,5478110000,S&P500
2/27/20,3062.540039,3097.070068,2977.389893,2978.76001,2978.76001,7058840000,S&P500
2/28/20,2916.899902,2959.719971,2855.840088,2954.219971,2954.219971,8563850000,S&P500
3/2/20,2974.280029,3090.959961,2945.189941,3090.22998,3090.22998,6376400000,S&P500
3/3/20,3096.459961,3136.719971,2976.629883,3003.370117,3003.370117,6355940000,S&P500
3/4/20,3045.75,3130.969971,3034.379883,3130.120117,3130.120117,5035480000,S&P500
3/5/20,3075.699951,3083.040039,2999.830078,3023.939941,3023.939941,5575550000,S&P500
3/6/20,2954.199951,2985.929932,2901.540039,2972.370117,2972.370117,6552140000,S&P500
3/9/20,2863.889893,2863.889893,2734.429932,2746.560059,2746.560059,8423050000,S&P500
3/10/20,2813.47998,2882.590088,2734,2882.22998,2882.22998,7635960000,S&P500
3/11/20,2825.600098,2825.600098,2707.219971,2741.379883,2741.379883,7374110000,S&P500
3/12/20,2630.860107,2660.949951,2478.860107,2480.639893,2480.639893,8829380000,S&P500
3/13/20,2569.98999,2711.330078,2492.370117,2711.02002,2711.02002,8258670000,S&P500
3/16/20,2508.590088,2562.97998,2380.939941,2386.129883,2386.129883,7781540000,S&P500
3/17/20,2425.659912,2553.929932,2367.040039,2529.189941,2529.189941,8358500000,S&P500
3/18/20,2436.5,2453.570068,2280.52002,2398.100098,2398.100098,8755780000,S&P500
3/19/20,2393.47998,2466.969971,2319.780029,2409.389893,2409.389893,7946710000,S&P500
3/20/20,2431.939941,2453.01001,2295.560059,2304.919922,2304.919922,9044690000,S&P500
3/23/20,2290.709961,2300.72998,2191.860107,2237.399902,2237.399902,7402180000,S&P500
3/24/20,2344.439941,2449.709961,2344.439941,2447.330078,2447.330078,7547350000,S&P500
3/25/20,2457.77002,2571.419922,2407.530029,2475.560059,2475.560059,8285670000,S&P500
3/26/20,2501.290039,2637.01001,2500.719971,2630.070068,2630.070068,7753160000,S&P500
3/27/20,2555.870117,2615.909912,2520.02002,2541.469971,2541.469971,6194330000,S&P500
3/30/20,2558.97998,2631.800049,2545.280029,2626.649902,2626.649902,5746220000,S&P500
3/31/20,2614.689941,2641.389893,2571.149902,2584.590088,2584.590088,6568290000,S&P500
4/1/20,2498.080078,2522.75,2447.48999,2470.5,2470.5,5947900000,S&P500
4/2/20,2458.540039,2533.219971,2455.790039,2526.899902,2526.899902,6454990000,S&P500
4/3/20,2514.919922,2538.179932,2459.959961,2488.649902,2488.649902,6087190000,S&P500
4/6/20,2578.280029,2676.850098,2574.570068,2663.679932,2663.679932,6391860000,S&P500
4/7/20,2738.649902,2756.889893,2657.669922,2659.409912,2659.409912,7040720000,S&P500
4/8/20,2685,2760.75,2663.300049,2749.97998,2749.97998,5856370000,S&P500
4/9/20,2776.98999,2818.570068,2762.360107,2789.820068,2789.820068,7880140000,S&P500
4/13/20,2782.459961,2782.459961,2721.169922,2761.629883,2761.629883,5274310000,S&P500
4/14/20,2805.100098,2851.850098,2805.100098,2846.060059,2846.060059,5567400000,S&P500
4/15/20,2795.639893,2801.879883,2761.540039,2783.360107,2783.360107,5203390000,S&P500
4/16/20,2799.340088,2806.51001,2764.320068,2799.550049,2799.550049,5179990000,S&P500
4/17/20,2842.429932,2879.219971,2830.879883,2874.560059,2874.560059,5792140000,S&P500
4/20/20,2845.620117,2868.97998,2820.429932,2823.159912,2823.159912,5220160000,S&P500
4/21/20,2784.810059,2785.540039,2727.100098,2736.560059,2736.560059,5075830000,S&P500
4/22/20,2787.889893,2815.100098,2775.949951,2799.310059,2799.310059,5049660000,S&P500
4/23/20,2810.419922,2844.899902,2794.26001,2797.800049,2797.800049,5756520000,S&P500
4/24/20,2812.639893,2842.709961,2791.76001,2836.73999,2836.73999,5374480000,S&P500
4/27/20,2854.649902,2887.719971,2852.889893,2878.47998,2878.47998,5194260000,S&P500
4/28/20,2909.959961,2921.149902,2860.709961,2863.389893,2863.389893,5672880000,S&P500
4/29/20,2918.459961,2954.860107,2912.159912,2939.51001,2939.51001,6620140000,S&P500
4/30/20,2930.909912,2930.909912,2892.469971,2912.429932,2912.429932,6523120000,S&P500
5/1/20,2869.090088,2869.090088,2821.610107,2830.709961,2830.709961,4753160000,S&P500
5/4/20,2815.01001,2844.23999,2797.850098,2842.73999,2842.73999,4723140000,S&P500
5/5/20,2868.879883,2898.22998,2863.550049,2868.439941,2868.439941,5129590000,S&P500
5/6/20,2883.139893,2891.110107,2847.649902,2848.419922,2848.419922,4861920000,S&P500
5/7/20,2878.26001,2901.919922,2876.47998,2881.189941,2881.189941,5164640000,S&P500
5/8/20,2908.830078,2932.159912,2902.879883,2929.800049,2929.800049,4857160000,S&P500
5/11/20,2915.459961,2944.25,2903.439941,2930.189941,2930.189941,4807320000,S&P500
5/12/20,2939.5,2945.820068,2869.590088,2870.120117,2870.120117,5107710000,S&P500
5/13/20,2865.860107,2874.139893,2793.149902,2820,2820,6143130000,S&P500
5/14/20,2794.540039,2852.800049,2766.639893,2852.5,2852.5,5641920000,S&P500
5/15/20,2829.949951,2865.01001,2816.780029,2863.699951,2863.699951,5477040000,S&P500
5/18/20,2913.860107,2968.090088,2913.860107,2953.909912,2953.909912,6364290000,S&P500
5/19/20,2948.590088,2964.209961,2922.350098,2922.939941,2922.939941,4969330000,S&P500
5/20/20,2953.629883,2980.290039,2953.629883,2971.610107,2971.610107,4992970000,S&P500
5/21/20,2969.949951,2978.5,2938.570068,2948.51001,2948.51001,4966940000,S&P500
5/22/20,2948.050049,2956.76001,2933.590088,2955.449951,2955.449951,3952800000,S&P500
5/26/20,3004.080078,3021.719971,2988.169922,2991.77002,2991.77002,5837060000,S&P500
5/27/20,3015.649902,3036.25,2969.75,3036.129883,3036.129883,6371230000,S&P500
5/28/20,3046.610107,3068.669922,3023.399902,3029.72998,3029.72998,5402670000,S&P500
5/29/20,3025.169922,3049.169922,2998.610107,3044.310059,3044.310059,7275080000,S&P500
6/1/20,3038.780029,3062.179932,3031.540039,3055.72998,3055.72998,4673410000,S&P500
6/2/20,3064.780029,3081.070068,3051.639893,3080.820068,3080.820068,5187230000,S&P500
6/3/20,3098.899902,3130.939941,3098.899902,3122.870117,3122.870117,5989560000,S&P500
6/4/20,3111.560059,3128.909912,3090.409912,3112.350098,3112.350098,6428130000,S&P500
6/5/20,3163.840088,3211.719971,3163.840088,3193.929932,3193.929932,8617590000,S&P500
6/8/20,3199.919922,3233.129883,3196,3232.389893,3232.389893,8437380000,S&P500
6/9/20,3213.320068,3222.709961,3193.110107,3207.179932,3207.179932,6382620000,S&P500
6/10/20,3213.419922,3223.27002,3181.48999,3190.139893,3190.139893,6570840000,S&P500
6/11/20,3123.530029,3123.530029,2999.48999,3002.100098,3002.100098,7018890000,S&P500
6/12/20,3071.040039,3088.419922,2984.469971,3041.310059,3041.310059,5832250000,S&P500
6/15/20,2993.76001,3079.76001,2965.659912,3066.590088,3066.590088,5740660000,S&P500
6/16/20,3131,3153.449951,3076.060059,3124.73999,3124.73999,5829240000,S&P500
6/17/20,3136.129883,3141.159912,3108.030029,3113.48999,3113.48999,4549390000,S&P500
6/18/20,3101.639893,3120,3093.51001,3115.340088,3115.340088,4429030000,S&P500
6/19/20,3140.290039,3155.530029,3083.110107,3097.73999,3097.73999,8327780000,S&P500
6/22/20,3094.419922,3120.919922,3079.389893,3117.860107,3117.860107,4665380000,S&P500
6/23/20,3138.699951,3154.899902,3127.120117,3131.290039,3131.290039,4704830000,S&P500
6/24/20,3114.399902,3115.01001,3032.129883,3050.330078,3050.330078,5587200000,S&P500
6/25/20,3046.600098,3086.25,3024.01001,3083.76001,3083.76001,4815420000,S&P500
6/26/20,3073.199951,3073.72998,3004.629883,3009.050049,3009.050049,8098120000,S&P500
6/29/20,3018.590088,3053.889893,2999.73999,3053.23999,3053.23999,4462770000,S&P500
6/30/20,3050.199951,3111.51001,3047.830078,3100.290039,3100.290039,4696280000,S&P500
7/1/20,3105.919922,3128.439941,3101.169922,3115.860107,3115.860107,4443130000,S&P500
7/2/20,3143.639893,3165.810059,3124.52002,3130.01001,3130.01001,4190830000,S&P500
7/6/20,3155.290039,3182.590088,3155.290039,3179.719971,3179.719971,4736450000,S&P500
7/7/20,3166.439941,3184.149902,3142.929932,3145.320068,3145.320068,4563700000,S&P500
7/8/20,3153.070068,3171.800049,3136.530029,3169.939941,3169.939941,4927700000,S&P500
7/9/20,3176.169922,3179.780029,3115.699951,3152.050049,3152.050049,4829020000,S&P500
7/10/20,3152.469971,3186.820068,3136.219971,3185.040039,3185.040039,4515340000,S&P500
7/13/20,3205.080078,3235.320068,3149.429932,3155.219971,3155.219971,4890780000,S&P500
7/14/20,3141.110107,3200.949951,3127.659912,3197.52002,3197.52002,4476170000,S&P500
7/15/20,3225.97998,3238.280029,3200.76001,3226.560059,3226.560059,4669760000,S&P500
7/16/20,3208.360107,3220.389893,3198.590088,3215.570068,3215.570068,3961230000,S&P500
7/17/20,3224.209961,3233.52002,3205.649902,3224.72998,3224.72998,3993830000,S&P500
7/20/20,3224.290039,3258.610107,3215.159912,3251.840088,3251.840088,3971200000,S&P500
7/21/20,3268.52002,3277.290039,3247.77002,3257.300049,3257.300049,4547960000,S&P500
7/22/20,3254.860107,3279.320068,3253.100098,3276.02002,3276.02002,4255190000,S&P500
7/23/20,3271.639893,3279.98999,3222.659912,3235.659912,3235.659912,4290460000,S&P500
7/24/20,3218.580078,3227.26001,3200.050049,3215.629883,3215.629883,3894900000,S&P500
7/27/20,3219.840088,3241.429932,3214.25,3239.409912,3239.409912,3963910000,S&P500
7/28/20,3234.27002,3243.719971,3216.169922,3218.439941,3218.439941,4027890000,S&P500
7/29/20,3227.219971,3264.73999,3227.219971,3258.439941,3258.439941,4676300000,S&P500
7/30/20,3231.76001,3250.919922,3204.129883,3246.219971,3246.219971,4254010000,S&P500
7/31/20,3270.449951,3272.169922,3220.26001,3271.120117,3271.120117,5117260000,S&P500
8/3/20,3288.26001,3302.72998,3284.530029,3294.610107,3294.610107,4643640000,S&P500
8/4/20,3289.919922,3306.840088,3286.370117,3306.51001,3306.51001,4621670000,S&P500
8/5/20,3317.370117,3330.77002,3317.370117,3327.77002,3327.77002,4732220000,S&P500
8/6/20,3323.169922,3351.030029,3318.139893,3349.159912,3349.159912,4267490000,S&P500
8/7/20,3340.050049,3352.540039,3328.719971,3351.280029,3351.280029,4104860000,S&P500
8/10/20,3356.040039,3363.290039,3335.439941,3360.469971,3360.469971,4318570000,S&P500
8/11/20,3370.340088,3381.01001,3326.439941,3333.689941,3333.689941,5087650000,S&P500
8/12/20,3355.459961,3387.889893,3355.459961,3380.350098,3380.350098,3768560000,S&P500
8/13/20,3372.949951,3387.23999,3363.350098,3373.429932,3373.429932,3648810000,S&P500
8/14/20,3368.659912,3378.51001,3361.639893,3372.850098,3372.850098,3193400000,S&P500
8/17/20,3380.860107,3387.590088,3379.219971,3381.98999,3381.98999,3671290000,S&P500
8/18/20,3387.040039,3395.060059,3370.149902,3389.780029,3389.780029,3881310000,S&P500
8/19/20,3392.51001,3399.540039,3369.659912,3374.850098,3374.850098,3884480000,S&P500
8/20/20,3360.47998,3390.800049,3354.689941,3385.51001,3385.51001,3642850000,S&P500
8/21/20,3386.01001,3399.959961,3379.310059,3397.159912,3397.159912,3705420000,S&P500
8/24/20,3418.090088,3432.090088,3413.129883,3431.280029,3431.280029,3728690000,S&P500
8/25/20,3435.949951,3444.209961,3425.840088,3443.620117,3443.620117,3619300000,S&P500
8/26/20,3449.969971,3481.070068,3444.149902,3478.72998,3478.72998,3754360000,S&P500
8/27/20,3485.139893,3501.379883,3468.350098,3484.550049,3484.550049,3929560000,S&P500
8/28/20,3494.689941,3509.22998,3484.320068,3508.01001,3508.01001,3855880000,S&P500
8/31/20,3509.72998,3514.77002,3493.25,3500.310059,3500.310059,4342290000,S&P500
9/1/20,3507.439941,3528.030029,3494.600098,3526.649902,3526.649902,4083110000,S&P500
9/2/20,3543.76001,3588.110107,3535.22998,3580.840088,3580.840088,4285190000,S&P500
9/3/20,3564.73999,3564.850098,3427.409912,3455.060059,3455.060059,4898680000,S&P500
9/4/20,3453.600098,3479.149902,3349.629883,3426.959961,3426.959961,4431440000,S&P500
9/8/20,3371.879883,3379.969971,3329.27002,3331.840088,3331.840088,4665600000,S&P500
9/9/20,3369.820068,3424.77002,3366.840088,3398.959961,3398.959961,3920830000,S&P500
9/10/20,3412.560059,3425.550049,3329.25,3339.189941,3339.189941,4192250000,S&P500
9/11/20,3352.699951,3368.949951,3310.469971,3340.969971,3340.969971,3704450000,S&P500
9/14/20,3363.560059,3402.929932,3363.560059,3383.540039,3383.540039,3832130000,S&P500
9/15/20,3407.72998,3419.47998,3389.25,3401.199951,3401.199951,4051460000,S&P500
9/16/20,3411.22998,3428.919922,3384.449951,3385.48999,3385.48999,4710030000,S&P500
9/17/20,3346.860107,3375.169922,3328.820068,3357.01001,3357.01001,4371940000,S&P500
9/18/20,3357.379883,3362.27002,3292.399902,3319.469971,3319.469971,7068700000,S&P500
9/21/20,3285.570068,3285.570068,3229.100098,3281.060059,3281.060059,4828350000,S&P500
9/22/20,3295.75,3320.310059,3270.949951,3315.570068,3315.570068,3963300000,S&P500
9/23/20,3320.110107,3323.350098,3232.570068,3236.919922,3236.919922,4364500000,S&P500
9/24/20,3226.139893,3278.699951,3209.449951,3246.590088,3246.590088,4599470000,S&P500
9/25/20,3236.659912,3306.879883,3228.439941,3298.459961,3298.459961,3792220000,S&P500
9/28/20,3333.899902,3360.73999,3332.909912,3351.600098,3351.600098,3946060000,S&P500
9/29/20,3350.919922,3357.919922,3327.540039,3335.469971,3335.469971,3651880000,S&P500
9/30/20,3341.209961,3393.560059,3340.469971,3363,3363,4722530000,S&P500
10/1/20,3385.870117,3397.179932,3361.389893,3380.800049,3380.800049,4070530000,S&P500
10/2/20,3338.939941,3369.100098,3323.689941,3348.419922,3348.419922,3961550000,S&P500
10/5/20,3367.27002,3409.570068,3367.27002,3408.600098,3408.600098,3686920000,S&P500
10/6/20,3408.73999,3431.560059,3354.540039,3360.969971,3360.969971,4443380000,S&P500
10/7/20,3384.560059,3426.26001,3384.560059,3419.439941,3419.439941,3807830000,S&P500
10/8/20,3434.280029,3447.280029,3428.149902,3446.830078,3446.830078,3856190000,S&P500
10/9/20,3459.669922,3482.340088,3458.070068,3477.139893,3477.139893,3939060000,S&P500
10/12/20,3500.02002,3549.850098,3499.610107,3534.219971,3534.219971,3428970000,S&P500
10/13/20,3534.01001,3534.01001,3500.860107,3511.929932,3511.929932,3605150000,S&P500
10/14/20,3515.469971,3527.939941,3480.550049,3488.669922,3488.669922,3840630000,S&P500
10/15/20,3453.719971,3489.080078,3440.889893,3483.340088,3483.340088,3717640000,S&P500
10/16/20,3493.5,3515.76001,3480.449951,3483.810059,3483.810059,4675890000,S&P500
10/19/20,3493.659912,3502.419922,3419.929932,3426.919922,3426.919922,4086200000,S&P500
10/20/20,3439.379883,3476.929932,3435.649902,3443.120117,3443.120117,3901260000,S&P500
10/21/20,3439.909912,3464.860107,3433.060059,3435.560059,3435.560059,4097750000,S&P500
10/22/20,3438.5,3460.530029,3415.340088,3453.48999,3453.48999,4163630000,S&P500
10/23/20,3464.899902,3466.459961,3440.449951,3465.389893,3465.389893,3646570000,S&P500
10/26/20,3441.419922,3441.419922,3364.860107,3400.969971,3400.969971,3988080000,S&P500
10/27/20,3403.149902,3409.51001,3388.709961,3390.679932,3390.679932,3946990000,S&P500
10/28/20,3342.47998,3342.47998,3268.889893,3271.030029,3271.030029,5129860000,S&P500
10/29/20,3277.169922,3341.050049,3259.820068,3310.110107,3310.110107,4903070000,S&P500
10/30/20,3293.590088,3304.929932,3233.939941,3269.959961,3269.959961,4840450000,S&P500
11/2/20,3296.199951,3330.139893,3279.73999,3310.23999,3310.23999,4310590000,S&P500
11/3/20,3336.25,3389.48999,3336.25,3369.159912,3369.159912,4220070000,S&P500
11/4/20,3406.459961,3486.25,3405.169922,3443.439941,3443.439941,4783040000,S&P500
11/5/20,3485.73999,3529.050049,3485.73999,3510.449951,3510.449951,4841190000,S&P500
11/6/20,3508.340088,3521.580078,3484.340088,3509.439941,3509.439941,4833950000,S&P500
11/9/20,3583.040039,3645.98999,3547.47998,3550.5,3550.5,8556610000,S&P500
11/10/20,3543.26001,3557.219971,3511.909912,3545.530029,3545.530029,6024230000,S&P500
11/11/20,3563.219971,3581.159912,3557,3572.659912,3572.659912,4609970000,S&P500
11/12/20,3562.669922,3569.02002,3518.580078,3537.01001,3537.01001,4890120000,S&P500
11/13/20,3552.570068,3593.659912,3552.570068,3585.149902,3585.149902,4709670000,S&P500
11/16/20,3600.159912,3628.51001,3600.159912,3626.909912,3626.909912,5281980000,S&P500
11/17/20,3610.310059,3623.110107,3588.679932,3609.530029,3609.530029,4799570000,S&P500
11/18/20,3612.090088,3619.090088,3567.330078,3567.790039,3567.790039,5274450000,S&P500
11/19/20,3559.409912,3585.219971,3543.840088,3581.870117,3581.870117,4347200000,S&P500
11/20/20,3579.310059,3581.22998,3556.850098,3557.540039,3557.540039,4218970000,S&P500
11/23/20,3566.820068,3589.810059,3552.77002,3577.590088,3577.590088,5036290000,S&P500
11/24/20,3594.52002,3642.310059,3594.52002,3635.409912,3635.409912,6267570000,S&P500
11/25/20,3635.5,3635.5,3617.76001,3629.649902,3629.649902,4902560000,S&P500
11/27/20,3638.550049,3644.310059,3629.330078,3638.350098,3638.350098,2778450000,S&P500
11/30/20,3634.179932,3634.179932,3594.389893,3621.629883,3621.629883,6291400000,S&P500
12/1/20,3645.870117,3678.449951,3645.870117,3662.449951,3662.449951,5403660000,S&P500
12/2/20,3653.780029,3670.959961,3644.840088,3669.01001,3669.01001,5029620000,S&P500
12/3/20,3668.280029,3682.72998,3657.169922,3666.719971,3666.719971,5091760000,S&P500
12/4/20,3670.939941,3699.199951,3670.939941,3699.120117,3699.120117,5086370000,S&P500
12/7/20,3694.72998,3697.409912,3678.879883,3691.959961,3691.959961,4788560000,S&P500
12/8/20,3683.050049,3708.449951,3678.830078,3702.25,3702.25,4549670000,S&P500
12/9/20,3705.97998,3712.389893,3660.540039,3672.820068,3672.820068,5209940000,S&P500
12/10/20,3659.129883,3678.48999,3645.179932,3668.100098,3668.100098,4618240000,S&P500
12/11/20,3656.080078,3665.909912,3633.399902,3663.459961,3663.459961,4367150000,S&P500
12/14/20,3675.27002,3697.610107,3645.840088,3647.48999,3647.48999,4594920000,S&P500
12/15/20,3666.409912,3695.290039,3659.620117,3694.620117,3694.620117,4360280000,S&P500
12/16/20,3696.25,3711.27002,3688.570068,3701.169922,3701.169922,4056950000,S&P500
12/17/20,3713.649902,3725.120117,3710.870117,3722.47998,3722.47998,4184930000,S&P500
12/18/20,3722.389893,3726.699951,3685.840088,3709.409912,3709.409912,7068340000,S&P500
12/21/20,3684.280029,3702.899902,3636.47998,3694.919922,3694.919922,4732160000,S&P500
12/22/20,3698.080078,3698.26001,3676.159912,3687.26001,3687.26001,4023940000,S&P500
12/23/20,3693.419922,3711.23999,3689.280029,3690.01001,3690.01001,3772630000,S&P500
12/24/20,3694.030029,3703.820068,3689.320068,3703.060059,3703.060059,1885090000,S&P500
12/28/20,3723.030029,3740.51001,3723.030029,3735.360107,3735.360107,3527460000,S&P500
12/29/20,3750.01001,3756.120117,3723.310059,3727.040039,3727.040039,3387030000,S&P500
12/30/20,3736.189941,3744.629883,3730.209961,3732.040039,3732.040039,3145200000,S&P500
12/31/20,3733.27002,3760.199951,3726.879883,3756.070068,3756.070068,3172510000,S&P500